@lat,@lon,name,amenity
-17.7739589,-63.1899970,La Gaditana,restaurant
-17.7739390,-63.1914088,I'Milenza,restaurant
-17.7733949,-63.2024285,Libreria Cafe Ateneo,cafe
-17.7731042,-63.1941703,Angela,restaurant
-17.7730541,-63.1942738,Las Canastas,restaurant
-17.7727759,-63.2009306,Abita café,cafe
-17.7726862,-63.2038663,Fazenda,restaurant
-17.7719848,-63.2034411,Pollo Hong Kong,restaurant
-17.7714189,-63.1913735,RestoBar,restaurant
-17.7711590,-63.1923736,Tarbush,fast_food
-17.7704332,-63.2022605,La Saborosa,restaurant
-17.7700277,-63.2021033,Solo Pizza,restaurant
-17.7699269,-63.1966786,La Palette,restaurant
-17.7698956,-63.2016484,Picanha,cafe
-17.7698503,-63.2020032,Sahara Pizza,restaurant
-17.7698083,-63.2015358,Patio de Comidas Roma,restaurant
-17.7697731,-63.1966934,Sapore Italiano,restaurant
-17.7695825,-63.2012708,Restaurante e Padaria,cafe
-17.7693912,-63.2013317,BRASBOL,restaurant
-17.7679623,-63.2000081,Hamacas,restaurant
-17.7676302,-63.1942091,Glassati,ice_cream
-17.7674803,-63.1942387,El Buen Gusto,cafe
-17.7674778,-63.1995096,Salteñas Uruguay,fast_food
-17.7672491,-63.1939739,Sushi Bar by Slätkis,restaurant
-17.7669992,-63.1989275,Las Chachas,restaurant
-17.7665688,-63.1943987,Yogen Früz,ice_cream
-17.7663196,-63.1980376,Pollo y Pato a la Leña,restaurant
-17.7647490,-63.2004195,La Suisse,restaurant
-17.7644555,-63.1998825,Urbano Chop and Grill,restaurant
-17.7637635,-63.1985706,Trivento,restaurant
-17.7632143,-63.1999478,Foton de Gringo,restaurant
-17.7626511,-63.2013119,Mucho,bar
-17.7610730,-63.1935511,Maminco,restaurant
-17.7602806,-63.1962323,Ambika,restaurant
-17.7603284,-63.1981072,Fast Food,fast_food
-17.7603034,-63.1981285,Shiwux,restaurant
-17.7602769,-63.1981580,Pollo Campeón,restaurant
-17.7602005,-63.1981269,Luvai,restaurant
-17.7597503,-63.1966640,El templo del Japo,restaurant
-17.7589800,-63.1993378,Pizza Hut,restaurant
-17.7585151,-63.1884013,Sushi Masan,restaurant
-17.7582761,-63.1940611,Menta,restaurant
-17.7580419,-63.1883344,Viernes de Kjaras,restaurant
-17.7573875,-63.1993615,TINTO,restaurant
-17.7568182,-63.2004072,Vacafria,ice_cream
-17.7567954,-63.2004235,Fridolin,cafe
-17.7567520,-63.2004539,Toby,fast_food
-17.7567189,-63.2004735,Pollo Chuy,fast_food
-17.7565753,-63.2003240,Lovi,cafe
-17.7549644,-63.1979782,Tradiciones,restaurant
-17.7542103,-63.1989945,Starbucks,cafe
-17.7539401,-63.1990509,República,restaurant
-17.7538087,-63.1991353,El Cuartito,restaurant
-17.7537114,-63.1991838,Marea,restaurant
-17.7536792,-63.1992060,Cinnabon,fast_food
-17.7534607,-63.1993192,Yogurberry,fast_food
-17.7534413,-63.1993346,Juan Valdez Café,cafe
-17.7534145,-63.1993550,Pollos Copacabana,restaurant
-17.7533391,-63.1993959,Cua Cua,restaurant
-17.7532367,-63.1995137,iPicole,ice_cream
-17.7531316,-63.1956497,Pacumento de Jiba La Pionera,restaurant
-17.7530643,-63.1992045,TGI Fridays,restaurant
-17.7529605,-63.1994543,Angelino,restaurant
